{"stats":{"minecraft:picked_up":{"minecraft:pink_petals":20,"minecraft:dandelion":1,"minecraft:barrel":5,"minecraft:wheat_seeds":3,"minecraft:cherry_sapling":3,"minecraft:chest":1},"minecraft:custom":{"minecraft:time_since_rest":5296,"minecraft:interact_with_furnace":3,"minecraft:sprint_one_cm":22324,"minecraft:damage_taken":50,"minecraft:walk_one_cm":222276,"minecraft:mob_kills":1,"minecraft:drop":3,"minecraft:damage_dealt":200,"minecraft:fly_one_cm":263976,"minecraft:talked_to_villager":3,"minecraft:interact_with_crafting_table":1,"minecraft:open_barrel":28,"minecraft:open_chest":22,"minecraft:crouch_one_cm":2680,"minecraft:play_time":72747,"minecraft:sneak_time":2501,"minecraft:walk_under_water_one_cm":10129,"minecraft:jump":149,"minecraft:interact_with_brewingstand":1,"minecraft:interact_with_grindstone":1,"minecraft:interact_with_stonecutter":1,"minecraft:leave_game":4,"minecraft:time_since_death":72747,"minecraft:walk_on_water_one_cm":9250,"minecraft:sleep_in_bed":2,"minecraft:interact_with_smoker":5,"minecraft:total_world_time":72747,"minecraft:fall_one_cm":1382},"minecraft:mined":{"minecraft:pink_petals":2,"minecraft:barrel":5,"minecraft:chest":1},"minecraft:crafted":{"minecraft:cooked_beef":64,"minecraft:iron_ingot":16,"minecraft:gold_ingot":7,"minecraft:air":0},"minecraft:dropped":{"minecraft:dirt":1,"minecraft:grass_block":2},"minecraft:killed":{"minecraft:spider":1},"minecraft:used":{"minecraft:wooden_hoe":3,"minecraft:cherry_sapling":10,"minecraft:water_bucket":158,"minecraft:dirt_path":5,"minecraft:villager_spawn_egg":2,"minecraft:lantern":2,"minecraft:grass_block":391,"minecraft:melon_slice":2,"minecraft:cherry_slab":27,"minecraft:poppy":2,"minecraft:chest":1,"minecraft:cherry_planks":89,"minecraft:stone":1,"minecraft:fletching_table":3,"minecraft:cherry_leaves":100,"minecraft:sheep_spawn_egg":1,"minecraft:diamond_axe":7,"minecraft:cherry_fence_gate":3,"minecraft:barrel":7,"minecraft:white_wool":65,"minecraft:dirt":227,"minecraft:brewing_stand":2,"minecraft:red_carpet":1,"minecraft:cherry_stairs":69,"minecraft:white_carpet":3,"minecraft:cooked_beef":1,"minecraft:cherry_fence":83,"minecraft:cherry_log":17}},"DataVersion":3953}