{"stats":{"minecraft:used":{"minecraft:water_bucket":158,"minecraft:dirt_path":5,"minecraft:lantern":2,"minecraft:grass_block":391,"minecraft:cherry_slab":27,"minecraft:melon_slice":2,"minecraft:poppy":2,"minecraft:chest":1,"minecraft:cherry_planks":89,"minecraft:stone":1,"minecraft:cherry_leaves":100,"minecraft:cherry_fence_gate":3,"minecraft:fletching_table":3,"minecraft:sheep_spawn_egg":1,"minecraft:barrel":3,"minecraft:white_wool":65,"minecraft:brewing_stand":2,"minecraft:red_carpet":1,"minecraft:dirt":227,"minecraft:cherry_stairs":68,"minecraft:white_carpet":3,"minecraft:cherry_fence":81,"minecraft:cherry_log":17},"minecraft:custom":{"minecraft:time_since_rest":47489,"minecraft:sprint_one_cm":3151,"minecraft:interact_with_furnace":1,"minecraft:damage_taken":20,"minecraft:walk_one_cm":167711,"minecraft:drop":3,"minecraft:interact_with_crafting_table":1,"minecraft:fly_one_cm":235898,"minecraft:open_barrel":19,"minecraft:open_chest":16,"minecraft:crouch_one_cm":2384,"minecraft:play_time":61358,"minecraft:sneak_time":2315,"minecraft:walk_under_water_one_cm":10129,"minecraft:jump":106,"minecraft:interact_with_brewingstand":1,"minecraft:interact_with_stonecutter":1,"minecraft:leave_game":2,"minecraft:walk_on_water_one_cm":8251,"minecraft:time_since_death":61358,"minecraft:sleep_in_bed":1,"minecraft:total_world_time":61358,"minecraft:fall_one_cm":404},"minecraft:picked_up":{"minecraft:pink_petals":20,"minecraft:dandelion":1,"minecraft:barrel":1,"minecraft:wheat_seeds":3,"minecraft:cherry_sapling":3,"minecraft:chest":1},"minecraft:mined":{"minecraft:barrel":1,"minecraft:chest":1},"minecraft:dropped":{"minecraft:dirt":1,"minecraft:grass_block":2}},"DataVersion":3953}