{"stats":{"minecraft:mined":{"minecraft:red_carpet":2,"minecraft:cherry_pressure_plate":2,"minecraft:cherry_planks":1,"minecraft:cherry_log":38,"minecraft:crafting_table":1,"minecraft:cherry_trapdoor":1,"minecraft:grass_block":3,"minecraft:chest":1,"minecraft:composter":2,"minecraft:cherry_slab":1,"minecraft:pink_petals":7,"minecraft:barrel":5,"minecraft:wheat":1,"minecraft:white_carpet":2,"minecraft:cherry_leaves":6,"minecraft:white_wool":2},"minecraft:custom":{"minecraft:interact_with_furnace":6,"minecraft:mob_kills":2,"minecraft:interact_with_crafting_table":6,"minecraft:open_barrel":36,"minecraft:bell_ring":8,"minecraft:interact_with_grindstone":2,"minecraft:interact_with_stonecutter":1,"minecraft:leave_game":4,"minecraft:time_since_death":90720,"minecraft:sleep_in_bed":4,"minecraft:time_since_rest":2543,"minecraft:sprint_one_cm":95457,"minecraft:damage_taken":50,"minecraft:walk_one_cm":306198,"minecraft:drop":5,"minecraft:damage_dealt":300,"minecraft:talked_to_villager":6,"minecraft:fly_one_cm":271170,"minecraft:open_chest":30,"minecraft:crouch_one_cm":3287,"minecraft:play_time":90720,"minecraft:sneak_time":2964,"minecraft:walk_under_water_one_cm":10129,"minecraft:jump":232,"minecraft:interact_with_brewingstand":1,"minecraft:walk_on_water_one_cm":9513,"minecraft:total_world_time":90720,"minecraft:interact_with_smoker":6,"minecraft:fall_one_cm":2605},"minecraft:crafted":{"minecraft:cooked_beef":64,"minecraft:cherry_planks":12,"minecraft:red_dye":1,"minecraft:cherry_pressure_plate":2,"minecraft:red_wool":1,"minecraft:air":0,"minecraft:cherry_trapdoor":2,"minecraft:iron_ingot":16,"minecraft:gold_ingot":7},"minecraft:dropped":{"minecraft:white_carpet":2,"minecraft:grass_block":2,"minecraft:dirt":1},"minecraft:used":{"minecraft:cherry_sapling":10,"minecraft:water_bucket":158,"minecraft:dirt_path":5,"minecraft:poppy":2,"minecraft:chest":1,"minecraft:cherry_planks":93,"minecraft:stone":1,"minecraft:composter":2,"minecraft:diamond_axe":54,"minecraft:fletching_table":3,"minecraft:sheep_spawn_egg":1,"minecraft:white_wool":67,"minecraft:brewing_stand":2,"minecraft:dirt":227,"minecraft:white_carpet":3,"minecraft:crafting_table":1,"minecraft:cherry_pressure_plate":5,"minecraft:wooden_hoe":5,"minecraft:villager_spawn_egg":3,"minecraft:red_wool":1,"minecraft:lantern":2,"minecraft:grass_block":391,"minecraft:melon_slice":2,"minecraft:cherry_slab":28,"minecraft:cherry_trapdoor":3,"minecraft:cherry_leaves":100,"minecraft:cherry_fence_gate":3,"minecraft:barrel":7,"minecraft:diamond_sword":2,"minecraft:red_carpet":2,"minecraft:cherry_stairs":70,"minecraft:cooked_beef":3,"minecraft:cherry_fence":84,"minecraft:cherry_log":17},"minecraft:killed":{"minecraft:spider":2},"minecraft:picked_up":{"minecraft:crafting_table":1,"minecraft:pink_petals":33,"minecraft:wheat":1,"minecraft:cherry_planks":1,"minecraft:string":2,"minecraft:dirt":3,"minecraft:cherry_pressure_plate":3,"minecraft:white_carpet":2,"minecraft:red_carpet":2,"minecraft:wheat_seeds":6,"minecraft:chest":1,"minecraft:cherry_trapdoor":1,"minecraft:composter":2,"minecraft:dandelion":1,"minecraft:cherry_log":37,"minecraft:spider_eye":1,"minecraft:barrel":5,"minecraft:cherry_sapling":5,"minecraft:cherry_slab":1,"minecraft:white_wool":2}},"DataVersion":3953}