{"stats":{"minecraft:mined":{"minecraft:red_carpet":2,"minecraft:cherry_pressure_plate":2,"minecraft:attached_melon_stem":1,"minecraft:farmland":1,"minecraft:cherry_planks":5,"minecraft:melon_stem":4,"minecraft:cherry_log":42,"minecraft:torch":2,"minecraft:brewing_stand":2,"minecraft:crafting_table":1,"minecraft:cherry_trapdoor":1,"minecraft:short_grass":2,"minecraft:poppy":1,"minecraft:grass_block":3,"minecraft:melon":6,"minecraft:chest":2,"minecraft:sugar_cane":97,"minecraft:composter":5,"minecraft:wall_torch":5,"minecraft:cherry_slab":19,"minecraft:pink_petals":7,"minecraft:cherry_fence":6,"minecraft:barrel":7,"minecraft:wheat":154,"minecraft:white_carpet":2,"minecraft:pumpkin_stem":10,"minecraft:pumpkin":11,"minecraft:potatoes":57,"minecraft:cocoa":27,"minecraft:beetroots":46,"minecraft:cherry_leaves":6,"minecraft:dirt":3,"minecraft:cherry_fence_gate":1,"minecraft:white_wool":2},"minecraft:custom":{"minecraft:interact_with_furnace":6,"minecraft:mob_kills":3,"minecraft:traded_with_villager":1,"minecraft:interact_with_crafting_table":9,"minecraft:open_barrel":135,"minecraft:bell_ring":8,"minecraft:interact_with_grindstone":2,"minecraft:interact_with_stonecutter":1,"minecraft:leave_game":4,"minecraft:time_since_death":144788,"minecraft:sleep_in_bed":8,"minecraft:time_since_rest":1884,"minecraft:sprint_one_cm":164016,"minecraft:damage_taken":50,"minecraft:walk_one_cm":628201,"minecraft:drop":5,"minecraft:damage_dealt":520,"minecraft:talked_to_villager":9,"minecraft:fly_one_cm":316887,"minecraft:open_chest":107,"minecraft:crouch_one_cm":5206,"minecraft:play_time":144788,"minecraft:sneak_time":3753,"minecraft:walk_under_water_one_cm":10129,"minecraft:jump":345,"minecraft:interact_with_brewingstand":2,"minecraft:walk_on_water_one_cm":10008,"minecraft:total_world_time":144788,"minecraft:interact_with_smoker":6,"minecraft:fall_one_cm":2816},"minecraft:crafted":{"minecraft:cooked_beef":64,"minecraft:cherry_planks":28,"minecraft:red_dye":1,"minecraft:cherry_slab":12,"minecraft:cherry_pressure_plate":2,"minecraft:red_wool":1,"minecraft:air":0,"minecraft:cherry_trapdoor":2,"minecraft:iron_ingot":16,"minecraft:gold_ingot":7,"minecraft:cod_bucket":1},"minecraft:dropped":{"minecraft:white_carpet":2,"minecraft:grass_block":2,"minecraft:dirt":1},"minecraft:used":{"minecraft:wheat_seeds":94,"minecraft:cherry_sapling":10,"minecraft:water_bucket":158,"minecraft:dirt_path":5,"minecraft:poppy":2,"minecraft:chest":2,"minecraft:cherry_planks":109,"minecraft:stone":1,"minecraft:composter":9,"minecraft:diamond_axe":95,"minecraft:fletching_table":3,"minecraft:sheep_spawn_egg":1,"minecraft:stone_hoe":9,"minecraft:farmland":2,"minecraft:torch":1,"minecraft:white_wool":67,"minecraft:brewing_stand":4,"minecraft:dirt":232,"minecraft:cocoa_beans":26,"minecraft:white_carpet":3,"minecraft:crafting_table":1,"minecraft:cherry_pressure_plate":5,"minecraft:carrot":1,"minecraft:cod_bucket":1,"minecraft:black_bed":2,"minecraft:pumpkin_seeds":5,"minecraft:wooden_hoe":30,"minecraft:villager_spawn_egg":4,"minecraft:red_wool":1,"minecraft:lantern":2,"minecraft:grass_block":392,"minecraft:melon_slice":2,"minecraft:cherry_slab":64,"minecraft:cherry_trapdoor":3,"minecraft:cherry_leaves":100,"minecraft:cherry_fence_gate":4,"minecraft:melon_seeds":5,"minecraft:barrel":9,"minecraft:diamond_sword":2,"minecraft:red_carpet":2,"minecraft:cherry_stairs":72,"minecraft:potato":100,"minecraft:cooked_beef":3,"minecraft:cherry_fence":176,"minecraft:cherry_log":21,"minecraft:golden_pickaxe":2},"minecraft:killed":{"minecraft:spider":2,"minecraft:villager":1},"minecraft:picked_up":{"minecraft:cocoa_beans":81,"minecraft:crafting_table":1,"minecraft:pink_petals":33,"minecraft:wheat":152,"minecraft:cherry_planks":5,"minecraft:potato":223,"minecraft:cherry_fence":6,"minecraft:brewing_stand":2,"minecraft:string":2,"minecraft:dirt":7,"minecraft:cherry_pressure_plate":3,"minecraft:white_carpet":2,"minecraft:red_carpet":2,"minecraft:beetroot":44,"minecraft:wheat_seeds":410,"minecraft:poppy":1,"minecraft:melon_slice":26,"minecraft:sugar_cane":170,"minecraft:chest":2,"minecraft:cherry_trapdoor":1,"minecraft:pumpkin":11,"minecraft:composter":5,"minecraft:torch":7,"minecraft:dandelion":1,"minecraft:poisonous_potato":3,"minecraft:cherry_log":41,"minecraft:spider_eye":1,"minecraft:barrel":7,"minecraft:cherry_fence_gate":1,"minecraft:pumpkin_seeds":17,"minecraft:beetroot_seeds":115,"minecraft:cherry_sapling":5,"minecraft:melon_seeds":5,"minecraft:cherry_slab":25,"minecraft:white_wool":2}},"DataVersion":3953}