{"stats":{"minecraft:used":{"minecraft:water_bucket":65,"minecraft:brewing_stand":1,"minecraft:cherry_stairs":67,"minecraft:grass_block":94,"minecraft:melon_slice":2,"minecraft:cherry_slab":7,"minecraft:cherry_planks":88},"minecraft:custom":{"minecraft:open_barrel":4,"minecraft:time_since_rest":5489,"minecraft:open_chest":6,"minecraft:crouch_one_cm":449,"minecraft:play_time":19358,"minecraft:interact_with_furnace":1,"minecraft:sprint_one_cm":2212,"minecraft:damage_taken":20,"minecraft:walk_one_cm":69397,"minecraft:sneak_time":472,"minecraft:walk_under_water_one_cm":192,"minecraft:drop":1,"minecraft:jump":28,"minecraft:leave_game":2,"minecraft:time_since_death":19358,"minecraft:walk_on_water_one_cm":2356,"minecraft:sleep_in_bed":1,"minecraft:total_world_time":19358,"minecraft:fall_one_cm":404,"minecraft:fly_one_cm":37825},"minecraft:picked_up":{"minecraft:dandelion":1},"minecraft:dropped":{"minecraft:grass_block":1}},"DataVersion":3953}