{"stats":{"minecraft:custom":{"minecraft:open_barrel":4,"minecraft:open_chest":6,"minecraft:time_since_rest":13378,"minecraft:interact_with_furnace":1,"minecraft:crouch_one_cm":445,"minecraft:leave_game":2,"minecraft:sprint_one_cm":1805,"minecraft:play_time":13378,"minecraft:damage_taken":20,"minecraft:time_since_death":13378,"minecraft:walk_one_cm":60699,"minecraft:sneak_time":188,"minecraft:total_world_time":13378,"minecraft:fall_one_cm":404,"minecraft:fly_one_cm":13929,"minecraft:jump":23},"minecraft:used":{"minecraft:brewing_stand":1,"minecraft:cherry_planks":88,"minecraft:cherry_stairs":67,"minecraft:melon_slice":2}},"DataVersion":3953}