{"stats":{"minecraft:used":{"minecraft:wolf_spawn_egg":1,"minecraft:sheep_spawn_egg":4},"minecraft:custom":{"minecraft:jump":2,"minecraft:time_since_rest":2910,"minecraft:damage_dealt":10,"minecraft:crouch_one_cm":3,"minecraft:leave_game":1,"minecraft:walk_on_water_one_cm":7488,"minecraft:play_time":2910,"minecraft:damage_taken":20,"minecraft:time_since_death":2910,"minecraft:walk_one_cm":74,"minecraft:sneak_time":201,"minecraft:total_world_time":2910,"minecraft:walk_under_water_one_cm":8413,"minecraft:fly_one_cm":68581}},"DataVersion":3953}