{"stats":{"minecraft:custom":{"minecraft:interact_with_smithing_table":1,"minecraft:mob_kills":61,"minecraft:interact_with_anvil":1,"minecraft:animals_bred":4,"minecraft:interact_with_crafting_table":18,"minecraft:open_barrel":257,"minecraft:bell_ring":8,"minecraft:leave_game":5,"minecraft:time_since_death":197693,"minecraft:sprint_one_cm":174121,"minecraft:walk_one_cm":1030868,"minecraft:drop":5,"minecraft:talked_to_villager":9,"minecraft:play_time":197693,"minecraft:sneak_time":4030,"minecraft:walk_under_water_one_cm":10129,"minecraft:jump":411,"minecraft:interact_with_brewingstand":2,"minecraft:walk_on_water_one_cm":11454,"minecraft:enchant_item":2,"minecraft:total_world_time":197693,"minecraft:interact_with_furnace":7,"minecraft:traded_with_villager":1,"minecraft:pot_flower":1,"minecraft:interact_with_grindstone":3,"minecraft:interact_with_stonecutter":2,"minecraft:sleep_in_bed":8,"minecraft:time_since_rest":54789,"minecraft:damage_taken":104,"minecraft:damage_dealt":4929,"minecraft:fly_one_cm":317333,"minecraft:open_chest":212,"minecraft:crouch_one_cm":5722,"minecraft:interact_with_smoker":8,"minecraft:fall_one_cm":4467},"minecraft:killed":{"minecraft:spider":2,"minecraft:sheep":1,"minecraft:zombie":3,"minecraft:villager":1,"minecraft:cow":54},"minecraft:dropped":{"minecraft:grass_block":2,"minecraft:dirt":1,"minecraft:white_carpet":2},"minecraft:used":{"minecraft:cherry_sapling":10,"minecraft:poppy":2,"minecraft:chest":4,"minecraft:stone":1,"minecraft:stone_hoe":9,"minecraft:farmland":2,"minecraft:torch":1,"minecraft:brewing_stand":4,"minecraft:dirt":232,"minecraft:cocoa_beans":53,"minecraft:white_carpet":9,"minecraft:cherry_pressure_plate":5,"minecraft:carrot":1,"minecraft:cod_bucket":1,"minecraft:villager_spawn_egg":4,"minecraft:red_wool":1,"minecraft:lantern":20,"minecraft:grass_block":392,"minecraft:cherry_slab":66,"minecraft:cherry_trapdoor":3,"minecraft:chicken_spawn_egg":1,"minecraft:cherry_leaves":100,"minecraft:cherry_fence_gate":4,"minecraft:barrel":9,"minecraft:melon_seeds":5,"minecraft:item_frame":7,"minecraft:red_carpet":2,"minecraft:cooked_beef":3,"minecraft:potato":100,"minecraft:cherry_fence":176,"minecraft:cherry_log":24,"minecraft:wheat_seeds":94,"minecraft:cooked_mutton":2,"minecraft:water_bucket":158,"minecraft:dirt_path":5,"minecraft:glass_bottle":2,"minecraft:cherry_planks":109,"minecraft:composter":9,"minecraft:diamond_axe":99,"minecraft:sheep_spawn_egg":1,"minecraft:fletching_table":3,"minecraft:stonecutter":1,"minecraft:sugar_cane":8,"minecraft:white_wool":76,"minecraft:crafting_table":1,"minecraft:black_bed":2,"minecraft:cake":1,"minecraft:pumpkin_seeds":5,"minecraft:wooden_hoe":30,"minecraft:flower_pot":4,"minecraft:melon_slice":2,"minecraft:iron_pickaxe":4,"minecraft:spruce_trapdoor":9,"minecraft:diamond_sword":116,"minecraft:cherry_stairs":72,"minecraft:golden_pickaxe":2},"minecraft:crafted":{"minecraft:cherry_planks":28,"minecraft:iron_nugget":126,"minecraft:cherry_pressure_plate":2,"minecraft:cherry_slab":24,"minecraft:cake":1,"minecraft:cherry_trapdoor":2,"minecraft:lantern":15,"minecraft:cod_bucket":1,"minecraft:cooked_beef":83,"minecraft:red_dye":1,"minecraft:item_frame":2,"minecraft:red_wool":1,"minecraft:air":0,"minecraft:spruce_trapdoor":6,"minecraft:gold_nugget":72,"minecraft:iron_ingot":16,"minecraft:gold_ingot":7},"minecraft:mined":{"minecraft:red_carpet":2,"minecraft:cherry_pressure_plate":2,"minecraft:attached_melon_stem":1,"minecraft:farmland":1,"minecraft:cherry_log":45,"minecraft:brewing_stand":2,"minecraft:spruce_trapdoor":4,"minecraft:cherry_trapdoor":1,"minecraft:grass_block":4,"minecraft:composter":5,"minecraft:barrel":7,"minecraft:pumpkin":13,"minecraft:potatoes":57,"minecraft:lantern":3,"minecraft:cherry_fence_gate":1,"minecraft:white_wool":11,"minecraft:cherry_planks":5,"minecraft:melon_stem":4,"minecraft:crafting_table":1,"minecraft:torch":10,"minecraft:short_grass":7,"minecraft:poppy":2,"minecraft:melon":10,"minecraft:chest":4,"minecraft:sugar_cane":191,"minecraft:wall_torch":13,"minecraft:cherry_slab":19,"minecraft:pink_petals":7,"minecraft:cherry_fence":6,"minecraft:wheat":154,"minecraft:white_carpet":9,"minecraft:pumpkin_stem":10,"minecraft:beetroots":46,"minecraft:cocoa":53,"minecraft:cherry_leaves":6,"minecraft:flower_pot":1,"minecraft:dirt":3,"minecraft:stonecutter":1},"minecraft:picked_up":{"minecraft:cocoa_beans":159,"minecraft:crafting_table":1,"minecraft:wheat":152,"minecraft:flower_pot":1,"minecraft:brewing_stand":2,"minecraft:string":2,"minecraft:cherry_pressure_plate":3,"minecraft:item_frame":1,"minecraft:white_carpet":10,"minecraft:beetroot":44,"minecraft:beef":120,"minecraft:poppy":2,"minecraft:melon_slice":46,"minecraft:sugar_cane":348,"minecraft:chest":4,"minecraft:spruce_trapdoor":5,"minecraft:cherry_trapdoor":1,"minecraft:composter":5,"minecraft:torch":23,"minecraft:cherry_log":44,"minecraft:cherry_fence_gate":1,"minecraft:rotten_flesh":5,"minecraft:beetroot_seeds":115,"minecraft:mutton":2,"minecraft:white_wool":15,"minecraft:pink_petals":33,"minecraft:cherry_planks":5,"minecraft:leather":58,"minecraft:potato":223,"minecraft:cherry_fence":6,"minecraft:dirt":8,"minecraft:lantern":3,"minecraft:red_carpet":2,"minecraft:stonecutter":1,"minecraft:wheat_seeds":410,"minecraft:pumpkin":13,"minecraft:dandelion":1,"minecraft:poisonous_potato":3,"minecraft:spider_eye":1,"minecraft:barrel":7,"minecraft:pumpkin_seeds":17,"minecraft:cherry_sapling":5,"minecraft:melon_seeds":5,"minecraft:cherry_slab":25,"minecraft:black_wool":38}},"DataVersion":3953}