{"stats":{"minecraft:custom":{"minecraft:interact_with_smithing_table":1,"minecraft:mob_kills":63,"minecraft:interact_with_anvil":1,"minecraft:animals_bred":4,"minecraft:interact_with_crafting_table":19,"minecraft:open_barrel":287,"minecraft:bell_ring":8,"minecraft:leave_game":5,"minecraft:time_since_death":4879,"minecraft:sprint_one_cm":195692,"minecraft:walk_one_cm":1207959,"minecraft:drop":5,"minecraft:talked_to_villager":9,"minecraft:play_time":221693,"minecraft:deaths":1,"minecraft:sneak_time":4717,"minecraft:walk_under_water_one_cm":11285,"minecraft:jump":520,"minecraft:interact_with_brewingstand":2,"minecraft:walk_on_water_one_cm":16708,"minecraft:enchant_item":2,"minecraft:total_world_time":221693,"minecraft:interact_with_furnace":8,"minecraft:traded_with_villager":1,"minecraft:pot_flower":1,"minecraft:interact_with_grindstone":3,"minecraft:interact_with_stonecutter":2,"minecraft:sleep_in_bed":9,"minecraft:time_since_rest":4920,"minecraft:damage_taken":500,"minecraft:damage_dealt":5229,"minecraft:fly_one_cm":345157,"minecraft:open_chest":241,"minecraft:crouch_one_cm":6100,"minecraft:interact_with_smoker":8,"minecraft:fall_one_cm":8968},"minecraft:killed":{"minecraft:spider":2,"minecraft:sheep":1,"minecraft:zombie":4,"minecraft:glow_squid":1,"minecraft:villager":1,"minecraft:cow":54},"minecraft:dropped":{"minecraft:grass_block":2,"minecraft:dirt":1,"minecraft:white_carpet":2},"minecraft:used":{"minecraft:cherry_sapling":10,"minecraft:poppy":3,"minecraft:chest":4,"minecraft:stone":1,"minecraft:stone_hoe":9,"minecraft:farmland":2,"minecraft:torch":4,"minecraft:brewing_stand":4,"minecraft:dirt":233,"minecraft:cocoa_beans":53,"minecraft:white_carpet":9,"minecraft:cherry_pressure_plate":5,"minecraft:carrot":5,"minecraft:cod_bucket":1,"minecraft:villager_spawn_egg":4,"minecraft:red_wool":1,"minecraft:lantern":20,"minecraft:grass_block":392,"minecraft:cherry_slab":66,"minecraft:cherry_trapdoor":3,"minecraft:chicken_spawn_egg":1,"minecraft:cherry_leaves":100,"minecraft:cherry_fence_gate":4,"minecraft:barrel":9,"minecraft:melon_seeds":5,"minecraft:item_frame":17,"minecraft:red_carpet":2,"minecraft:cooked_beef":4,"minecraft:potato":100,"minecraft:cherry_fence":176,"minecraft:cherry_log":24,"minecraft:wheat_seeds":94,"minecraft:cooked_mutton":2,"minecraft:water_bucket":159,"minecraft:dirt_path":5,"minecraft:glass_bottle":2,"minecraft:cherry_planks":109,"minecraft:composter":9,"minecraft:diamond_axe":120,"minecraft:sheep_spawn_egg":1,"minecraft:fletching_table":3,"minecraft:stonecutter":1,"minecraft:sugar_cane":8,"minecraft:white_wool":76,"minecraft:crafting_table":1,"minecraft:black_bed":2,"minecraft:cake":1,"minecraft:pumpkin_seeds":5,"minecraft:wooden_hoe":30,"minecraft:flower_pot":4,"minecraft:diamond_pickaxe":1,"minecraft:diamond_shovel":42,"minecraft:melon_slice":2,"minecraft:iron_pickaxe":114,"minecraft:spruce_trapdoor":9,"minecraft:oak_pressure_plate":3,"minecraft:diamond_sword":121,"minecraft:cobblestone":2,"minecraft:cherry_stairs":72,"minecraft:golden_pickaxe":2},"minecraft:crafted":{"minecraft:cherry_planks":28,"minecraft:iron_nugget":126,"minecraft:cherry_pressure_plate":2,"minecraft:cherry_slab":24,"minecraft:oak_pressure_plate":1,"minecraft:cake":1,"minecraft:cherry_trapdoor":2,"minecraft:lantern":15,"minecraft:cod_bucket":1,"minecraft:cooked_beef":83,"minecraft:red_dye":1,"minecraft:item_frame":2,"minecraft:red_wool":1,"minecraft:air":0,"minecraft:spruce_trapdoor":6,"minecraft:gold_nugget":72,"minecraft:iron_ingot":16,"minecraft:gold_ingot":7},"minecraft:mined":{"minecraft:red_carpet":2,"minecraft:cherry_pressure_plate":2,"minecraft:attached_melon_stem":1,"minecraft:farmland":1,"minecraft:cherry_log":45,"minecraft:brewing_stand":2,"minecraft:spruce_trapdoor":4,"minecraft:cherry_trapdoor":1,"minecraft:grass_block":5,"minecraft:oak_pressure_plate":3,"minecraft:composter":5,"minecraft:kelp":2,"minecraft:carrots":1,"minecraft:barrel":7,"minecraft:pumpkin":17,"minecraft:potatoes":57,"minecraft:deepslate_iron_ore":2,"minecraft:lantern":3,"minecraft:stone":108,"minecraft:cherry_fence_gate":1,"minecraft:white_wool":11,"minecraft:cherry_planks":5,"minecraft:melon_stem":4,"minecraft:crafting_table":1,"minecraft:torch":10,"minecraft:short_grass":20,"minecraft:poppy":3,"minecraft:melon":14,"minecraft:chest":4,"minecraft:sugar_cane":191,"minecraft:wall_torch":13,"minecraft:cherry_slab":20,"minecraft:pink_petals":7,"minecraft:cherry_fence":19,"minecraft:wheat":154,"minecraft:white_carpet":9,"minecraft:pumpkin_stem":10,"minecraft:beetroots":46,"minecraft:cocoa":53,"minecraft:cherry_leaves":7,"minecraft:flower_pot":1,"minecraft:dirt":3,"minecraft:stonecutter":1,"minecraft:deepslate":1},"minecraft:picked_up":{"minecraft:cocoa_beans":159,"minecraft:crafting_table":1,"minecraft:wheat":152,"minecraft:flower_pot":1,"minecraft:brewing_stand":2,"minecraft:string":2,"minecraft:cherry_pressure_plate":3,"minecraft:item_frame":8,"minecraft:white_carpet":10,"minecraft:beetroot":44,"minecraft:cobbled_deepslate":1,"minecraft:beef":120,"minecraft:poppy":3,"minecraft:melon_slice":69,"minecraft:sugar_cane":348,"minecraft:chest":4,"minecraft:spruce_trapdoor":5,"minecraft:cherry_trapdoor":1,"minecraft:raw_iron":2,"minecraft:composter":5,"minecraft:torch":23,"minecraft:cherry_log":44,"minecraft:carrot":4,"minecraft:cherry_fence_gate":1,"minecraft:rotten_flesh":6,"minecraft:beetroot_seeds":115,"minecraft:mutton":2,"minecraft:white_wool":15,"minecraft:cobblestone":108,"minecraft:pink_petals":33,"minecraft:cherry_planks":5,"minecraft:glow_ink_sac":3,"minecraft:leather":58,"minecraft:potato":223,"minecraft:cherry_fence":19,"minecraft:dirt":9,"minecraft:lantern":3,"minecraft:red_carpet":2,"minecraft:kelp":2,"minecraft:stonecutter":1,"minecraft:wheat_seeds":414,"minecraft:pumpkin":17,"minecraft:dandelion":1,"minecraft:oak_pressure_plate":6,"minecraft:poisonous_potato":3,"minecraft:spider_eye":1,"minecraft:barrel":7,"minecraft:pumpkin_seeds":17,"minecraft:cherry_sapling":5,"minecraft:melon_seeds":5,"minecraft:cherry_slab":26,"minecraft:black_wool":38}},"DataVersion":3953}