{"stats":{"minecraft:used":{"minecraft:water_bucket":140,"minecraft:brewing_stand":1,"minecraft:dirt":227,"minecraft:cherry_stairs":68,"minecraft:grass_block":101,"minecraft:melon_slice":2,"minecraft:cherry_slab":7,"minecraft:cherry_planks":89,"minecraft:stone":1},"minecraft:custom":{"minecraft:open_barrel":4,"minecraft:time_since_rest":17489,"minecraft:open_chest":6,"minecraft:crouch_one_cm":528,"minecraft:play_time":31358,"minecraft:interact_with_furnace":1,"minecraft:sprint_one_cm":2212,"minecraft:damage_taken":20,"minecraft:walk_one_cm":75560,"minecraft:sneak_time":1358,"minecraft:walk_under_water_one_cm":9242,"minecraft:drop":2,"minecraft:jump":43,"minecraft:leave_game":2,"minecraft:time_since_death":31358,"minecraft:walk_on_water_one_cm":6495,"minecraft:sleep_in_bed":1,"minecraft:total_world_time":31358,"minecraft:fall_one_cm":404,"minecraft:fly_one_cm":93603},"minecraft:picked_up":{"minecraft:wheat_seeds":2,"minecraft:dandelion":1},"minecraft:dropped":{"minecraft:dirt":1,"minecraft:grass_block":1}},"DataVersion":3953}