{"stats":{"minecraft:mined":{"minecraft:red_carpet":2,"minecraft:cherry_pressure_plate":2,"minecraft:cherry_planks":1,"minecraft:cherry_log":38,"minecraft:crafting_table":1,"minecraft:cherry_trapdoor":1,"minecraft:short_grass":1,"minecraft:grass_block":3,"minecraft:melon":5,"minecraft:chest":1,"minecraft:sugar_cane":97,"minecraft:composter":3,"minecraft:cherry_slab":1,"minecraft:pink_petals":7,"minecraft:barrel":5,"minecraft:wheat":60,"minecraft:white_carpet":2,"minecraft:pumpkin_stem":2,"minecraft:pumpkin":9,"minecraft:potatoes":57,"minecraft:beetroots":43,"minecraft:cherry_leaves":6,"minecraft:white_wool":2},"minecraft:custom":{"minecraft:interact_with_furnace":6,"minecraft:mob_kills":3,"minecraft:interact_with_crafting_table":6,"minecraft:open_barrel":40,"minecraft:bell_ring":8,"minecraft:interact_with_grindstone":2,"minecraft:interact_with_stonecutter":1,"minecraft:leave_game":4,"minecraft:time_since_death":102720,"minecraft:sleep_in_bed":5,"minecraft:time_since_rest":982,"minecraft:sprint_one_cm":115066,"minecraft:damage_taken":50,"minecraft:walk_one_cm":359342,"minecraft:drop":5,"minecraft:damage_dealt":520,"minecraft:talked_to_villager":7,"minecraft:fly_one_cm":307038,"minecraft:open_chest":30,"minecraft:crouch_one_cm":3543,"minecraft:play_time":102720,"minecraft:sneak_time":3218,"minecraft:walk_under_water_one_cm":10129,"minecraft:jump":278,"minecraft:interact_with_brewingstand":1,"minecraft:walk_on_water_one_cm":9905,"minecraft:total_world_time":102720,"minecraft:interact_with_smoker":6,"minecraft:fall_one_cm":2605},"minecraft:crafted":{"minecraft:cooked_beef":64,"minecraft:cherry_planks":12,"minecraft:red_dye":1,"minecraft:cherry_pressure_plate":2,"minecraft:red_wool":1,"minecraft:air":0,"minecraft:cherry_trapdoor":2,"minecraft:iron_ingot":16,"minecraft:gold_ingot":7},"minecraft:dropped":{"minecraft:white_carpet":2,"minecraft:grass_block":2,"minecraft:dirt":1},"minecraft:used":{"minecraft:cherry_sapling":10,"minecraft:water_bucket":158,"minecraft:dirt_path":5,"minecraft:poppy":2,"minecraft:chest":1,"minecraft:cherry_planks":102,"minecraft:stone":1,"minecraft:composter":7,"minecraft:diamond_axe":74,"minecraft:fletching_table":3,"minecraft:sheep_spawn_egg":1,"minecraft:farmland":2,"minecraft:white_wool":67,"minecraft:brewing_stand":2,"minecraft:dirt":228,"minecraft:white_carpet":3,"minecraft:crafting_table":1,"minecraft:cherry_pressure_plate":5,"minecraft:black_bed":2,"minecraft:wooden_hoe":16,"minecraft:villager_spawn_egg":4,"minecraft:red_wool":1,"minecraft:lantern":2,"minecraft:grass_block":392,"minecraft:melon_slice":2,"minecraft:cherry_slab":28,"minecraft:cherry_trapdoor":3,"minecraft:cherry_leaves":100,"minecraft:cherry_fence_gate":3,"minecraft:barrel":7,"minecraft:diamond_sword":2,"minecraft:red_carpet":2,"minecraft:cherry_stairs":72,"minecraft:cooked_beef":3,"minecraft:cherry_fence":171,"minecraft:cherry_log":17},"minecraft:killed":{"minecraft:spider":2,"minecraft:villager":1},"minecraft:picked_up":{"minecraft:crafting_table":1,"minecraft:pink_petals":33,"minecraft:wheat":59,"minecraft:cherry_planks":1,"minecraft:potato":223,"minecraft:string":2,"minecraft:dirt":3,"minecraft:cherry_pressure_plate":3,"minecraft:white_carpet":2,"minecraft:red_carpet":2,"minecraft:beetroot":42,"minecraft:wheat_seeds":166,"minecraft:melon_slice":23,"minecraft:sugar_cane":170,"minecraft:chest":1,"minecraft:cherry_trapdoor":1,"minecraft:pumpkin":9,"minecraft:composter":3,"minecraft:dandelion":1,"minecraft:poisonous_potato":3,"minecraft:cherry_log":37,"minecraft:spider_eye":1,"minecraft:barrel":5,"minecraft:pumpkin_seeds":3,"minecraft:beetroot_seeds":110,"minecraft:cherry_sapling":5,"minecraft:cherry_slab":1,"minecraft:white_wool":2}},"DataVersion":3953}