{"stats":{"minecraft:used":{"minecraft:white_wool":44,"minecraft:water_bucket":158,"minecraft:brewing_stand":2,"minecraft:dirt":227,"minecraft:cherry_stairs":68,"minecraft:grass_block":267,"minecraft:melon_slice":2,"minecraft:cherry_slab":7,"minecraft:cherry_planks":89,"minecraft:stone":1,"minecraft:cherry_leaves":77,"minecraft:cherry_fence":42,"minecraft:cherry_log":13,"minecraft:cherry_fence_gate":1},"minecraft:custom":{"minecraft:open_barrel":4,"minecraft:time_since_rest":29489,"minecraft:open_chest":6,"minecraft:crouch_one_cm":1206,"minecraft:play_time":43358,"minecraft:interact_with_furnace":1,"minecraft:sprint_one_cm":2251,"minecraft:damage_taken":20,"minecraft:walk_one_cm":103520,"minecraft:sneak_time":1759,"minecraft:walk_under_water_one_cm":9761,"minecraft:drop":3,"minecraft:interact_with_brewingstand":1,"minecraft:jump":66,"minecraft:leave_game":2,"minecraft:time_since_death":43358,"minecraft:walk_on_water_one_cm":7760,"minecraft:sleep_in_bed":1,"minecraft:total_world_time":43358,"minecraft:fall_one_cm":404,"minecraft:fly_one_cm":162421},"minecraft:picked_up":{"minecraft:pink_petals":15,"minecraft:wheat_seeds":3,"minecraft:dandelion":1},"minecraft:dropped":{"minecraft:dirt":1,"minecraft:grass_block":2}},"DataVersion":3953}