{"stats":{"minecraft:used":{"minecraft:brewing_stand":1,"minecraft:cherry_planks":88,"minecraft:cherry_stairs":67},"minecraft:custom":{"minecraft:open_barrel":2,"minecraft:open_chest":5,"minecraft:time_since_rest":11369,"minecraft:leave_game":1,"minecraft:crouch_one_cm":445,"minecraft:interact_with_furnace":1,"minecraft:sprint_one_cm":1805,"minecraft:play_time":11369,"minecraft:time_since_death":11369,"minecraft:walk_one_cm":53882,"minecraft:sneak_time":188,"minecraft:total_world_time":11369,"minecraft:fly_one_cm":13929,"minecraft:jump":22}},"DataVersion":3953}